lag,acf,pacf
0,1.0,1.0
1,0.4692188209180463,0.4692188209180463
2,0.061860287154743995,-0.20299971024005828
3,-0.21510574121062945,-0.20699910577833242
4,-0.2650995766212845,-0.07022928892958712
5,-0.24186689940745024,-0.11734568896412267
6,-0.21188612120399283,-0.14810439849481824
7,-0.23873310776853193,-0.2225479069197755
8,-0.27851582998733065,-0.27029148098092554
9,-0.2196131286713996,-0.21742512775395897
10,0.031925198821353945,-0.012414968073794982
11,0.4578196186184988,0.33795759080136467
12,0.6625080795019321,0.3416257715785811
13,0.4365475230075552,0.05703672639408121
14,0.04673273186781071,-0.09351548644780303
15,-0.20623305291785202,-0.0765271392506036
16,-0.25900491446273777,-0.028658097097177305
17,-0.23862199023751524,-0.06285876509878356
18,-0.20647683100313732,-0.0380751102382046
19,-0.2197135625550848,-0.012820969958427679
20,-0.25663976399427646,-0.027879203762271185
21,-0.21337023209441514,-0.06480153295904274
22,0.02271251150871755,-0.07195043437993236
23,0.45318744465280425,0.166849002881554
24,0.6177218267276283,0.11631537166579087
